"","model","Predict","r.squared","adj.r.squared","AIC"
"1","RR",0.550148593009172,0.995653307384815,0.995170341538683,-25.9593455308478
