"","model","Predict","r.squared","adj.r.squared","AIC"
"1","GGS",0.203461101565123,0.951172574177385,0.945747304641539,2.74814058696706
