"","model","Predict","r.squared","adj.r.squared","AIC"
"1","RR",0.914247791207506,0.9792083621065,0.976898180118333,1.43007250239927
