"","model","Predict","r.squared","adj.r.squared","AIC"
"1","GGS",0.214577858794614,0.951172574177385,0.945747304641539,2.74814058696706
