"stream","R2","adj.R2","p.value","AIC"
"Feed13MeanPct",0.97109405973987,0.967882288599855,3.10757808865164e-08,-14.820789176118
"Feed14MeanPct",0.973253067878115,0.970281186531239,2.18937417604984e-08,-15.5069361896455
"OS13MeanPct",0.951172574177385,0.945747304641539,3.31611322930331e-07,2.74814058696706
"OS14MeanPct",0.938075202843001,0.931194669825557,9.71575033907469e-07,6.18058259910257
"US13MeanPct",0.851404923078407,0.834894358976008,5.18862237608021e-05,-0.156476530824277
"US14MeanPct",0.854812758869369,0.838680843188188,4.6667736940391e-05,-2.27087564949943
