"stream","R2","adj.R2","p.value","AIC"
"Feed13MeanPct",0.995653307384746,0.995170341538606,6.09913754154792e-12,-25.9593455306744
"Feed14MeanPct",0.995503570383807,0.995003967093119,7.10370713806474e-12,-25.717181771526
"OS13MeanPct",0.935077304326729,0.927863671474143,1.20346522155848e-06,11.2322434116537
"OS14MeanPct",0.918581072708833,0.909534525232037,3.35769666995332e-06,14.2023478010305
"US13MeanPct",0.971719852561388,0.968184834131562,1.7691211075872e-07,0.79897484482696
"US14MeanPct",0.970670665627393,0.967004498830817,2.0475124697394e-07,0.460186882881267
