"stream","PredRR","PredGGS","loglogPred","logPred"
"Feed14MeanPct",0.56311255421246,0.506175442855529,-0.18864589953098,-0.680871944778971
"OS14MeanPct",0.233279649774183,0.203461101565123,-1.32563907191202,-1.59228043947056
"US14MeanPct",0.942258001029094,0.745264047779917,1.04794002425659,-0.294016696846606
